manifest	bd444421ebe17bb8cd70ac298e1c946a0851bbab2746a69cf6c882750ce25683	-
	backend/build.gradle.kts	100644	63a5eb42c3090abffa9f921c739378cbd13f9d33261a189eeeccadc24af985bf
	backend/src/main/java/com/mastersmith/config/cache/ConfigCache.java	100644	894be73148ebecfd9521308d4936cc0c17a6b7cbd1dfd38036f25f9927c62132
	backend/src/main/java/com/mastersmith/config/store/ConfigEngineApi.java	100644	ee93e965ab36d0ecca6d196625bdebd25229dd331968eac87ece20a0769ddfb4
	backend/src/main/java/com/mastersmith/config/store/ConfigModelStore.java	100644	3e006bf48f0ea89154471dec73e3ef5729c95b7d96b60ffdba0d9b04614dc08e
	backend/src/main/java/com/mastersmith/permission/PermissionEngineApi.java	100644	68d8e85363a4dfd30f84fd53b7a9f6ca2890adf958584524fdc8c89e16619ec0
	backend/src/main/java/com/mastersmith/permission/bootstrap/BootstrapStateChecker.java	100644	770e3be12a08f6a7df1eec7769fcfac296140f4c78b830fdd03eb8ced174b2e2
	backend/src/main/java/com/mastersmith/permission/cache/PermissionCacheConfig.java	100644	ecc011c33c0af9a2498e3933c999cf148788ece8dd22852b7c8b2776c5fe5ad7
	backend/src/main/java/com/mastersmith/permission/cache/PermissionCacheKey.java	100644	3a68685d3691592c77cc7f5599d399b5b01fec9dac367fc92ba26e253cc6f7fb
	backend/src/main/java/com/mastersmith/permission/dto/EffectivePermission.java	100644	e532f1345cd0b7a319dd868784f18a759b13924ed04053bef072554549320253
	backend/src/main/java/com/mastersmith/permission/entity/AuxiliaryPermission.java	100644	7d465cfec680171b83fe81183977eac278d99bd0c1c19c5edee1e88d3dd5c8c4
	backend/src/main/java/com/mastersmith/permission/entity/Group.java	100644	e57c90145a61354080df9b9a3cba7432eebbf4049ed03df2a7a0b26540ac3182
	backend/src/main/java/com/mastersmith/permission/entity/GroupMembership.java	100644	eff9c4dd65549320ca4fed5fda03e5935621172808230c9c2b6095f526db3b5d
	backend/src/main/java/com/mastersmith/permission/entity/GroupMembershipId.java	100644	ab904489c3a389b7dbce9db4e99e0ddd8f9207ee0b7af0e1374800000f206ec3
	backend/src/main/java/com/mastersmith/permission/entity/GroupRole.java	100644	1aaf0e6286cb4be41d81a8184ff6450149a53fbba27eaa2384f7d070484cefec
	backend/src/main/java/com/mastersmith/permission/entity/GroupRoleId.java	100644	73f0e8a1346b8a2cfcc1801a6091f41a8387c718c06c231414ca6e9680f7c743
	backend/src/main/java/com/mastersmith/permission/entity/PermissionLevel.java	100644	f9549302c069404fad1af1d236b31b73091bd8ebca6728cc8b05cc527893acaf
	backend/src/main/java/com/mastersmith/permission/entity/PrimaryPermission.java	100644	1b4b3649632fcf6ad7bb056e56f7a11d921dcd0d67e733e5f4813acc0c8377be
	backend/src/main/java/com/mastersmith/permission/entity/Role.java	100644	092621ed94aca043e2d8b4355317f6dd6d648e39f5be2675cd14f466610b85cc
	backend/src/main/java/com/mastersmith/permission/entity/ScopeType.java	100644	b20d353324299bd603ab154bc38d26db78a563db37042b86488f3db926f88105
	backend/src/main/java/com/mastersmith/permission/escalation/PermissionEscalationChecker.java	100644	f5be60bcaf83236802513888eafc0952dbcdeefa48e04a91ee2967860ffb3eab
	backend/src/main/java/com/mastersmith/permission/event/PermissionChangedEvent.java	100644	5ecee35787eda1411cc01b2a38b895beda26224b11712997fb354d3e172d44b4
	backend/src/main/java/com/mastersmith/permission/exception/PermissionEscalationException.java	100644	cc3eb7cb2a46545eb07a0cc7e1f06a0e220919fb3bfe08c29f5c7a5f1edb5415
	backend/src/main/java/com/mastersmith/permission/repository/AuxiliaryPermissionRepository.java	100644	b496a680e61c939f87ec08c006da65c3f598cb987a4d02ecb6a8f1c7a680e6b0
	backend/src/main/java/com/mastersmith/permission/repository/GroupMembershipRepository.java	100644	297462d002df2010804cc4da266e16cff15d5e8b929beb618dcf6f3eb20a79f8
	backend/src/main/java/com/mastersmith/permission/repository/GroupRepository.java	100644	bd096f1da3a4ef68a8a78ef6271dfb77a5bd8555e8d98721ca3a2f57a574ddf5
	backend/src/main/java/com/mastersmith/permission/repository/GroupRoleRepository.java	100644	73886225393f34b4248f519922f20cc21049d141a9ebc3063708ac196968621c
	backend/src/main/java/com/mastersmith/permission/repository/PrimaryPermissionRepository.java	100644	eb9775d7657f4864d7d2188618e88ef9b92bc08ff418903b0113e9912866e1ba
	backend/src/main/java/com/mastersmith/permission/repository/RoleRepository.java	100644	ad32c6c141ee1974cdace526253db43c7abbf1f39529649154387b2fef66114c
	backend/src/main/java/com/mastersmith/permission/resolver/PermissionResolver.java	100644	a470ebffdff70a662928498248317e75630b74a135d810d91e93e5c995ffdec8
	backend/src/main/java/com/mastersmith/permission/service/PermissionEngineApiImpl.java	100644	8cbecbbd9ce69d86a4445b25bb8b8e53ef592a33dc0a192a50b942e54db4167e
	backend/src/test/java/com/mastersmith/config/cache/ConfigCacheTest.java	100644	0d3f43603b090b09de1f1d9de41fd41b0d42f5a8fa126e123c16b59888dae804
	backend/src/test/java/com/mastersmith/config/store/ConfigModelStoreTest.java	100644	810120139544cb2554a4c5ef0438390fe1497e37e19c154c8b1a4e5c40cfb2dd
	backend/src/test/java/com/mastersmith/permission/PermissionEngineIntegrationTest.java	100644	9716115106254fcc1b3dd39a4ecd4c0ec6c0d4a143515d5c6918ef18eb31b859
	backend/src/test/java/com/mastersmith/permission/bootstrap/BootstrapStateCheckerTest.java	100644	3f423b0f70e2b87f6d14b4c3ce45e7bb02c4497ad8fae341aa4c84f4dbde6b1d
	backend/src/test/java/com/mastersmith/permission/cache/PermissionCacheConfigTest.java	100644	35a35de111b5aa8c8e3f10c42c26bc88077a5e1d6ee560ac72973dc201a84c8c
	backend/src/test/java/com/mastersmith/permission/entity/AuxiliaryPermissionJpaTest.java	100644	d16f2369f404858254fb0507904dbcfeb107e2dc0921084bc5d9bca7a70d648b
	backend/src/test/java/com/mastersmith/permission/entity/GroupJpaTest.java	100644	4e34f9271bd7630b18199e2f70a30922eb42cb5147087711016fa70b1e369359
	backend/src/test/java/com/mastersmith/permission/entity/GroupMembershipJpaTest.java	100644	fcf2f7a7c1cdd7a887dbacb67efb29a81eb640694937943a2c1a3a01755e21e9
	backend/src/test/java/com/mastersmith/permission/entity/GroupRoleJpaTest.java	100644	44c650f5ac650e3de3a70a37492648ae59a0bd65eb32a4b599c9f5cb5d54f10a
	backend/src/test/java/com/mastersmith/permission/entity/PermissionLevelTest.java	100644	347a52ca2bcab8dfc7d8fb984f2bcefc73aabd158b2f1a807165726628134e29
	backend/src/test/java/com/mastersmith/permission/entity/PrimaryPermissionJpaTest.java	100644	26fa55c3c56fa156888cb6dbb2611c00248e73ac103b4e11830d78efcd5d8cc1
	backend/src/test/java/com/mastersmith/permission/entity/RoleJpaTest.java	100644	b2bcfe80f109c1527cf8e0918465c41e2aeec3053244f7ee8db146bc5c8146a4
	backend/src/test/java/com/mastersmith/permission/escalation/PermissionEscalationCheckerTest.java	100644	6991da22a1d4d4a7d5546e000e83bd041b1873db1c5919d4db215b7d9985bdf2
	backend/src/test/java/com/mastersmith/permission/event/PermissionChangedEventTest.java	100644	5e6dc83b65be2ff7ca062136694581ba8a04a64230788cb07d120374c7c09c64
	backend/src/test/java/com/mastersmith/permission/repository/AuxiliaryPermissionRepositoryTest.java	100644	719c7de27a7503ac48436cc1db5fdeaf43dcc79d9e846ebd381b3299febe666b
	backend/src/test/java/com/mastersmith/permission/repository/GroupMembershipRepositoryTest.java	100644	d8d16e0cbb94f91ad1c650248b0483363149e79787deaed3c2aa0f8c16a725b0
	backend/src/test/java/com/mastersmith/permission/repository/GroupRepositoryTest.java	100644	d93231acb2133158bc9c33f98928311a5ca9d9d9814afdd5eb5af533949afe21
	backend/src/test/java/com/mastersmith/permission/repository/GroupRoleRepositoryTest.java	100644	1c1f1136df33a70910df2cda6894877f567865dc4c70d2ee60b48371bbee0612
	backend/src/test/java/com/mastersmith/permission/repository/PrimaryPermissionRepositoryTest.java	100644	a4ab8d15abe3c04387bab3d3f3b4db83d25be9f186c82c87224113b3a5988b8a
	backend/src/test/java/com/mastersmith/permission/repository/RoleRepositoryTest.java	100644	39c81d8756a25f2fe7adad89a598dcb8fffcfb9404e011895c05fd015a80279f
	backend/src/test/java/com/mastersmith/permission/resolver/PermissionResolverTest.java	100644	f634835a7decec5ada5a0d9fa0e33310d0e09c8e4be7214d4bed42d4a657c7f3
	backend/src/test/java/com/mastersmith/permission/service/PermissionEngineApiImplTest.java	100644	d286c054318786540fbaa427aa849661c2b0aa40680cf08438059887f3a8d649
